query,documentId,position,clicked
running shoes,SKU-1001,1,true
running shoes,SKU-1001,1,true
running shoes,SKU-1001,1,true
running shoes,SKU-1001,1,true
running shoes,SKU-1001,1,false
running shoes,SKU-1001,1,false
running shoes,SKU-1001,1,false
running shoes,SKU-1001,1,false
running shoes,SKU-1001,1,false
running shoes,SKU-1001,1,false
running shoes,SKU-1001,1,false
running shoes,SKU-1001,1,false
running shoes,SKU-1001,1,false
running shoes,SKU-1001,1,false
running shoes,SKU-1001,1,false
running shoes,SKU-1001,1,false
running shoes,SKU-1001,1,false
running shoes,SKU-1001,1,false
running shoes,SKU-1001,1,false
running shoes,SKU-1001,1,false
running shoes,SKU-1002,9,true
running shoes,SKU-1002,9,true
running shoes,SKU-1002,9,false
running shoes,SKU-1002,9,false
running shoes,SKU-1002,9,false
running shoes,SKU-1002,9,false
running shoes,SKU-1002,9,false
running shoes,SKU-1002,9,false
running shoes,SKU-1002,9,false
running shoes,SKU-1002,9,false
running shoes,SKU-1003,3,true
running shoes,SKU-1003,3,true
running shoes,SKU-1003,3,true
running shoes,SKU-1003,3,false
running shoes,SKU-1003,3,false
running shoes,SKU-1003,3,false
running shoes,SKU-1003,3,false
running shoes,SKU-1003,3,false
running shoes,SKU-1003,3,false
running shoes,SKU-1003,3,false
waterproof jacket,SKU-2001,1,true
waterproof jacket,SKU-2001,1,true
waterproof jacket,SKU-2001,1,true
waterproof jacket,SKU-2001,1,true
waterproof jacket,SKU-2001,1,true
waterproof jacket,SKU-2001,1,true
waterproof jacket,SKU-2001,1,false
waterproof jacket,SKU-2001,1,false
waterproof jacket,SKU-2001,1,false
waterproof jacket,SKU-2001,1,false
waterproof jacket,SKU-2001,1,false
waterproof jacket,SKU-2001,1,false
waterproof jacket,SKU-2001,1,false
waterproof jacket,SKU-2001,1,false
waterproof jacket,SKU-2001,1,false
waterproof jacket,SKU-2002,2,true
waterproof jacket,SKU-2002,2,true
waterproof jacket,SKU-2002,2,true
waterproof jacket,SKU-2002,2,true
waterproof jacket,SKU-2002,2,false
waterproof jacket,SKU-2002,2,false
waterproof jacket,SKU-2002,2,false
waterproof jacket,SKU-2002,2,false
waterproof jacket,SKU-2002,2,false
waterproof jacket,SKU-2002,2,false
waterproof jacket,SKU-2002,2,false
waterproof jacket,SKU-2002,2,false
waterproof jacket,SKU-2003,4,false
waterproof jacket,SKU-2003,4,false
waterproof jacket,SKU-2003,4,false
waterproof jacket,SKU-2003,4,false
waterproof jacket,SKU-2003,4,false
waterproof jacket,SKU-2003,4,false
waterproof jacket,SKU-2003,4,false
waterproof jacket,SKU-2003,4,false
waterproof jacket,SKU-2003,4,false
waterproof jacket,SKU-2003,4,false
waterproof jacket,SKU-2003,4,false
waterproof jacket,SKU-2003,4,false
waterproof jacket,SKU-2003,4,false
wireless headphones,SKU-3001,1,true
wireless headphones,SKU-3001,1,true
wireless headphones,SKU-3001,1,true
wireless headphones,SKU-3001,1,false
wireless headphones,SKU-3001,1,false
wireless headphones,SKU-3001,1,false
wireless headphones,SKU-3001,1,false
wireless headphones,SKU-3001,1,false
wireless headphones,SKU-3001,1,false
wireless headphones,SKU-3001,1,false
wireless headphones,SKU-3001,1,false
wireless headphones,SKU-3001,1,false
wireless headphones,SKU-3001,1,false
wireless headphones,SKU-3001,1,false
wireless headphones,SKU-3001,1,false
wireless headphones,SKU-3002,5,true
wireless headphones,SKU-3002,5,true
wireless headphones,SKU-3002,5,false
wireless headphones,SKU-3002,5,false
wireless headphones,SKU-3002,5,false
wireless headphones,SKU-3002,5,false
wireless headphones,SKU-3002,5,false
wireless headphones,SKU-3002,5,false
wireless headphones,SKU-3002,5,false
wireless headphones,SKU-3002,5,false
wireless headphones,SKU-3002,5,false
wireless headphones,SKU-3002,5,false
wireless headphones,SKU-3002,5,false
wireless headphones,SKU-3002,5,false
wireless headphones,SKU-3002,5,false
wireless headphones,SKU-3003,10,false
wireless headphones,SKU-3003,10,false
wireless headphones,SKU-3003,10,false
wireless headphones,SKU-3003,10,false
wireless headphones,SKU-3003,10,false
wireless headphones,SKU-3003,10,false
wireless headphones,SKU-3003,10,false
wireless headphones,SKU-3003,10,false
wireless headphones,SKU-3003,10,false
wireless headphones,SKU-3003,10,false
office chair,SKU-4001,2,true
office chair,SKU-4001,2,true
office chair,SKU-4001,2,false
office chair,SKU-4001,2,false
office chair,SKU-4001,2,false
office chair,SKU-4001,2,false
office chair,SKU-4001,2,false
office chair,SKU-4001,2,false
office chair,SKU-4001,2,false
office chair,SKU-4001,2,false
office chair,SKU-4001,2,false
office chair,SKU-4001,2,false
office chair,SKU-4002,6,true
office chair,SKU-4002,6,false
office chair,SKU-4002,6,false
office chair,SKU-4002,6,false
office chair,SKU-4002,6,false
office chair,SKU-4002,6,false
office chair,SKU-4002,6,false
office chair,SKU-4002,6,false
office chair,SKU-4002,6,false
office chair,SKU-4002,6,false
office chair,SKU-4002,6,false
office chair,SKU-4002,6,false
office chair,SKU-4002,6,false
office chair,SKU-4002,6,false
office chair,SKU-4003,8,false
office chair,SKU-4003,8,false
office chair,SKU-4003,8,false
office chair,SKU-4003,8,false
office chair,SKU-4003,8,false
office chair,SKU-4003,8,false
office chair,SKU-4003,8,false
office chair,SKU-4003,8,false
office chair,SKU-4003,8,false
office chair,SKU-4003,8,false
office chair,SKU-4003,8,false
office chair,SKU-4003,8,false
office chair,SKU-4003,8,false
office chair,SKU-4003,8,false
coffee grinder,SKU-5001,1,true
coffee grinder,SKU-5001,1,true
coffee grinder,SKU-5001,1,false
coffee grinder,SKU-5001,1,false
coffee grinder,SKU-5001,1,false
coffee grinder,SKU-5001,1,false
coffee grinder,SKU-5001,1,false
coffee grinder,SKU-5001,1,false
coffee grinder,SKU-5001,1,false
coffee grinder,SKU-5001,1,false
coffee grinder,SKU-5001,1,false
coffee grinder,SKU-5001,1,false
coffee grinder,SKU-5001,1,false
coffee grinder,SKU-5001,1,false
coffee grinder,SKU-5001,1,false
coffee grinder,SKU-5002,7,true
coffee grinder,SKU-5002,7,false
coffee grinder,SKU-5002,7,false
coffee grinder,SKU-5002,7,false
coffee grinder,SKU-5002,7,false
coffee grinder,SKU-5002,7,false
coffee grinder,SKU-5002,7,false
coffee grinder,SKU-5002,7,false
coffee grinder,SKU-5002,7,false
coffee grinder,SKU-5002,7,false
coffee grinder,SKU-5002,7,false
coffee grinder,SKU-5002,7,false
coffee grinder,SKU-5002,7,false
coffee grinder,SKU-5002,7,false
coffee grinder,SKU-5002,7,false
coffee grinder,SKU-5003,10,true
coffee grinder,SKU-5003,10,false
coffee grinder,SKU-5003,10,false
coffee grinder,SKU-5003,10,false
coffee grinder,SKU-5003,10,false
coffee grinder,SKU-5003,10,false
coffee grinder,SKU-5003,10,false
coffee grinder,SKU-5003,10,false
coffee grinder,SKU-5003,10,false
coffee grinder,SKU-5003,10,false
mechanical keyboard,SKU-6001,1,true
mechanical keyboard,SKU-6001,1,true
mechanical keyboard,SKU-6001,1,true
mechanical keyboard,SKU-6001,1,true
mechanical keyboard,SKU-6001,1,true
mechanical keyboard,SKU-6001,1,false
mechanical keyboard,SKU-6001,1,false
mechanical keyboard,SKU-6001,1,false
mechanical keyboard,SKU-6001,1,false
mechanical keyboard,SKU-6001,1,false
mechanical keyboard,SKU-6001,1,false
mechanical keyboard,SKU-6001,1,false
mechanical keyboard,SKU-6001,1,false
mechanical keyboard,SKU-6001,1,false
mechanical keyboard,SKU-6001,1,false
mechanical keyboard,SKU-6001,1,false
mechanical keyboard,SKU-6002,3,true
mechanical keyboard,SKU-6002,3,true
mechanical keyboard,SKU-6002,3,false
mechanical keyboard,SKU-6002,3,false
mechanical keyboard,SKU-6002,3,false
mechanical keyboard,SKU-6002,3,false
mechanical keyboard,SKU-6002,3,false
mechanical keyboard,SKU-6002,3,false
mechanical keyboard,SKU-6002,3,false
mechanical keyboard,SKU-6002,3,false
mechanical keyboard,SKU-6002,3,false
mechanical keyboard,SKU-6002,3,false
mechanical keyboard,SKU-6002,3,false
mechanical keyboard,SKU-6002,3,false
mechanical keyboard,SKU-6003,7,false
mechanical keyboard,SKU-6003,7,false
mechanical keyboard,SKU-6003,7,false
mechanical keyboard,SKU-6003,7,false
mechanical keyboard,SKU-6003,7,false
mechanical keyboard,SKU-6003,7,false
mechanical keyboard,SKU-6003,7,false
mechanical keyboard,SKU-6003,7,false
mechanical keyboard,SKU-6003,7,false
mechanical keyboard,SKU-6003,7,false
standing desk,SKU-7001,2,true
standing desk,SKU-7001,2,true
standing desk,SKU-7001,2,false
standing desk,SKU-7001,2,false
standing desk,SKU-7001,2,false
standing desk,SKU-7001,2,false
standing desk,SKU-7001,2,false
standing desk,SKU-7001,2,false
standing desk,SKU-7001,2,false
standing desk,SKU-7001,2,false
standing desk,SKU-7002,5,true
standing desk,SKU-7002,5,true
standing desk,SKU-7002,5,true
standing desk,SKU-7002,5,false
standing desk,SKU-7002,5,false
